{"cameraMode":{"drawMode":0,"name":"Shaded","section":"Shading Mode"},"sceneLighting":false,"audioPlay":false,"sceneViewState":{"showFog":true,"showMaterialUpdate":false,"showSkybox":true,"showFlares":true,"showImageEffects":true,"showParticleSystems":true},"in2DMode":false,"pivot":{"x":-0.7133895754814148,"y":-0.36869603395462038,"z":-1.0425511598587037},"rotation":{"x":-0.2479688823223114,"y":-0.7491495609283447,"z":0.39460310339927676,"w":-0.4707452654838562},"size":1.5096608400344849,"orthographic":false}