{"cameraMode":{"drawMode":0,"name":"Shaded","section":"Shading Mode"},"sceneLighting":true,"audioPlay":false,"sceneViewState":{"showFog":true,"showMaterialUpdate":false,"showSkybox":true,"showFlares":true,"showImageEffects":true,"showParticleSystems":true},"in2DMode":false,"pivot":{"x":-2.0451433658599855,"y":3.94749116897583,"z":-6.543532848358154},"rotation":{"x":0.38673341274261477,"y":0.588988184928894,"z":-0.38038450479507449,"w":0.5991501808166504},"size":7.78287935256958,"orthographic":false}