{"cameraMode":{"drawMode":0,"name":"Shaded","section":"Shading Mode"},"sceneLighting":true,"audioPlay":false,"sceneViewState":{"showFog":true,"showMaterialUpdate":false,"showSkybox":true,"showFlares":true,"showImageEffects":true,"showParticleSystems":true},"in2DMode":false,"pivot":{"x":-1.6397078037261963,"y":-0.27194684743881228,"z":-6.162897109985352},"rotation":{"x":0.47528502345085146,"y":-0.013319120742380619,"z":0.007056929171085358,"w":0.8797886967658997},"size":0.8765909075737,"orthographic":false}