{"cameraMode":{"drawMode":0,"name":"Shaded","section":"Shading Mode"},"sceneLighting":false,"audioPlay":false,"sceneViewState":{"showFog":true,"showMaterialUpdate":false,"showSkybox":true,"showFlares":true,"showImageEffects":true,"showParticleSystems":true},"in2DMode":false,"pivot":{"x":0.3512433171272278,"y":-0.20937441289424897,"z":0.7660307884216309},"rotation":{"x":0.06357889622449875,"y":-0.9059653878211975,"z":0.39194050431251528,"w":0.1469356268644333},"size":1.485788345336914,"orthographic":false}