{"cameraMode":{"drawMode":0,"name":"Shaded","section":"Shading Mode"},"sceneLighting":false,"audioPlay":false,"sceneViewState":{"showFog":true,"showMaterialUpdate":false,"showSkybox":true,"showFlares":true,"showImageEffects":true,"showParticleSystems":true},"in2DMode":false,"pivot":{"x":10.124491691589356,"y":5.080901145935059,"z":6.070700645446777},"rotation":{"x":0.05265939608216286,"y":-0.9337702393531799,"z":0.3185987174510956,"w":0.15432459115982057},"size":0.8857883810997009,"orthographic":false}