{"cameraMode":{"drawMode":0,"name":"Shaded","section":"Shading Mode"},"sceneLighting":false,"audioPlay":false,"sceneViewState":{"showFog":true,"showMaterialUpdate":false,"showSkybox":true,"showFlares":true,"showImageEffects":true,"showParticleSystems":true},"in2DMode":false,"pivot":{"x":-3.1325836181640627,"y":10.956357955932618,"z":19.00381088256836},"rotation":{"x":-0.1485438197851181,"y":-0.7666141390800476,"z":0.19151896238327027,"w":-0.5946165323257446},"size":11.431534767150879,"orthographic":false}