{"cameraMode":{"drawMode":0,"name":"Shaded","section":"Shading Mode"},"sceneLighting":false,"audioPlay":false,"sceneViewState":{"showFog":true,"showMaterialUpdate":false,"showSkybox":true,"showFlares":true,"showImageEffects":true,"showParticleSystems":true},"in2DMode":false,"pivot":{"x":-1.8328559398651124,"y":1.4695911407470704,"z":1.1147054433822632},"rotation":{"x":0.27296608686447146,"y":-0.66974937915802,"z":0.2921297550201416,"w":0.6257807612419128},"size":1.412793755531311,"orthographic":false}