{"cameraMode":{"drawMode":0,"name":"Shaded","section":"Shading Mode"},"sceneLighting":true,"audioPlay":false,"sceneViewState":{"showFog":true,"showMaterialUpdate":false,"showSkybox":true,"showFlares":true,"showImageEffects":true,"showParticleSystems":true},"in2DMode":false,"pivot":{"x":0.8735743165016174,"y":-2.334345817565918,"z":-6.249841690063477},"rotation":{"x":0.403556227684021,"y":0.5807640552520752,"z":-0.40411004424095156,"w":0.5802416205406189},"size":5.430479049682617,"orthographic":false}