{"cameraMode":{"drawMode":0,"name":"Shaded","section":"Shading Mode"},"sceneLighting":true,"audioPlay":false,"sceneViewState":{"showFog":true,"showMaterialUpdate":false,"showSkybox":true,"showFlares":true,"showImageEffects":true,"showParticleSystems":true},"in2DMode":false,"pivot":{"x":1.2300000190734864,"y":0.17000000178813935,"z":-8.65999984741211},"rotation":{"x":0.4437316656112671,"y":0.5511595010757446,"z":-0.4470033645629883,"w":0.5473925471305847},"size":10.057267189025879,"orthographic":false}