{"cameraMode":{"drawMode":0,"name":"Shaded","section":"Shading Mode"},"sceneLighting":false,"audioPlay":false,"sceneViewState":{"showFog":true,"showMaterialUpdate":false,"showSkybox":true,"showFlares":true,"showImageEffects":true,"showParticleSystems":true},"in2DMode":false,"pivot":{"x":0.43132972717285159,"y":0.08655437082052231,"z":1.3516230583190919},"rotation":{"x":-0.027516605332493783,"y":-0.9240220785140991,"z":0.37530654668807986,"w":-0.06777103990316391},"size":1.1857883930206299,"orthographic":false}